GroupName,high_friction_journeys,high_friction_never_screened,pct_high_friction_never_screened,avg_encounters,avg_journey_days,avg_friction_score
"Persons encountering health services for specific procedures and treatment, not carried out",5909,5909.0,100.0,1.24,57.57,15.28
Influenza due to unidentified influenza virus,2360,2360.0,100.0,1.14,7.19,7.08
zzdonotuse errenc,2290,2290.0,100.0,1.35,38.54,14.51
Other disorders of pigmentation,1979,1979.0,100.0,1.24,60.82,9.49
"Other viral infections characterized by skin and mucous membrane lesions, not elsewhere classified",1959,1959.0,100.0,1.1,16.19,7.36
Impetigo,1900,1900.0,100.0,1.13,20.59,7.51
Nonsuppurative otitis media,1854,1854.0,100.0,1.15,40.81,13.28
Skin changes due to chronic exposure to nonionizing radiation,1365,1365.0,100.0,3.24,832.62,49.95
Conductive and sensorineural hearing loss,1295,1295.0,100.0,3.02,119.6,15.7
Other and unspecified disorders of eustachian tube,1270,1270.0,100.0,1.7,126.56,17.16
Irritant contact dermatitis,1259,1259.0,100.0,1.03,5.21,6.51
Other and unspecified hearing loss,1145,1145.0,100.0,2.21,18.0,8.52
"Pain, unspecified",1008,1008.0,100.0,1.53,40.57,14.37
Dislocation and sprain of joints and ligaments of knee,999,999.0,100.0,7.21,143.79,28.6
Shoulder lesions,992,992.0,100.0,10.94,301.23,39.6
"Acquired absence of organs, not elsewhere classified",891,891.0,100.0,3.23,206.88,22.01
Glaucoma,753,753.0,100.0,7.14,1178.41,73.82
"Superficial injury of ankle, foot and toes",716,716.0,100.0,1.29,6.45,11.93
Acute obstructive laryngitis,672,672.0,100.0,1.63,139.23,19.77
Other and unspecified injuries of lower leg,662,662.0,100.0,3.52,72.52,23.08
Acute bronchiolitis,630,630.0,100.0,9.0,177.12,68.18
Age-related cataract,627,627.0,100.0,2.35,225.25,26.17
Other enthesopathies,622,622.0,100.0,4.63,137.64,21.25
Encounter for pregnancy test and childbirth and childcare instruction,597,597.0,100.0,2.64,194.7,19.67
Viral conjunctivitis,568,568.0,100.0,1.03,2.08,6.29
