GroupName,total_journeys,extreme_friction_journeys,pct_extreme_friction,avg_encounters,avg_journey_days,avg_friction_score
"Encounter for general examination without complaint, suspected or reported diagnosis",157351,7918.0,5.03,3.15,522.35,35.45
Liveborn infants according to place of birth and type of delivery,6976,6929.0,99.33,1.02,0.42,11.18
Other diseases of intestine,9219,5521.0,59.89,1.08,16.39,10.15
"Other joint disorder, not elsewhere classified",81933,4099.0,5.0,2.9,77.2,15.31
Encounter for screening for malignant neoplasms,73270,3679.0,5.02,1.86,331.62,24.96
Open wound of head,5441,3441.0,63.24,1.07,5.96,9.69
Chronic diseases of tonsils and adenoids,4058,3098.0,76.34,1.08,4.18,10.21
Dorsalgia,60989,3056.0,5.01,2.77,106.0,19.31
Essential,50984,2554.0,5.01,4.04,468.7,34.84
Abdominal and pelvic pain,47773,2390.0,5.0,1.59,38.86,12.18
"Other and unspecified soft tissue disorders, not elsewhere classified",44609,2232.0,5.0,1.94,45.98,11.84
Superficial injury of head,3041,2174.0,71.49,1.05,5.52,10.0
"Encounter for other special examination without complaint, suspected or reported diagnosis",37427,1883.0,5.03,1.65,114.86,15.02
Nonsuppurative otitis media,7517,1854.0,24.66,1.05,10.43,7.83
Acute upper respiratory infections of multiple and unspecified sites,36189,1810.0,5.0,1.54,117.31,13.71
Acute pharyngitis,36097,1808.0,5.01,1.57,113.37,13.25
Disorders of lipoprotein metabolism and other lipidemias,36024,1803.0,5.0,2.25,260.47,21.27
Cough,31027,1555.0,5.01,1.54,42.27,10.55
Type 2 diabetes mellitus,29400,1473.0,5.01,4.56,415.0,32.88
Pain in throat and chest,27982,1401.0,5.01,1.59,51.88,14.19
Premature rupture of membranes,1090,1086.0,99.63,1.03,7.36,11.56
Long term,21398,1072.0,5.01,5.62,345.72,29.35
Abnormalities of breathing,21322,1069.0,5.01,1.62,50.46,13.34
Sleep disorders,21146,1068.0,5.05,2.18,292.85,24.96
Gastritis and duodenitis,1977,1049.0,53.06,1.11,12.22,9.46
