DiagnosisValue,DiagnosisName,GroupName,diagnosis_candidate_bucket,patients_with_dx_before_cutoff,deceased_patients,pct_deceased,relative_risk_vs_overall,pct_first_seen_non_emergency_like,pct_no_ed_or_hospital_before_cutoff,pct_had_ed_before_cutoff,pct_had_hospital_admission_before_cutoff,avg_dx_encounters,avg_dx_department_types,avg_dx_observed_days,outreach_opportunity_score
J96.11,Chronic respiratory failure with hypoxia (HCC) (Multi HCC)( ICD-10-CM: J96.11 ),"Respiratory failure, not elsewhere classified",1_explicitly_critical_or_terminal,250,48.0,19.2,14.94,69.6,93.6,5.6,1.6,1.79,1.08,132.41,14.506872800494778
N18.6,End stage renal disease (Multi HCC)( ICD-10-CM: N18.6 ),Chronic kidney disease,1_explicitly_critical_or_terminal,382,82.0,21.47,16.7,38.74,95.29,3.93,1.57,3.36,1.23,190.48,10.988450325361864
H40.1132,"Primary open-angle glaucoma, bilateral, moderate stage( ICD-10-CM: H40.1132 )",Glaucoma,1_explicitly_critical_or_terminal,341,24.0,7.04,5.48,89.74,100.0,0.0,0.0,4.4,1.22,500.66,6.70943395611062
H40.1131,"Primary open-angle glaucoma, bilateral, mild stage( ICD-10-CM: H40.1131 )",Glaucoma,1_explicitly_critical_or_terminal,909,38.0,4.18,3.25,93.07,100.0,0.0,0.0,3.66,1.09,470.53,5.274351234727837
E11.649,Type 2 diabetes mellitus with hypoglycemia without coma (Multi HCC)( ICD-10-CM: E11.649 ),Type 2 diabetes mellitus,1_explicitly_critical_or_terminal,340,22.0,6.47,5.03,18.24,47.94,50.59,17.35,1.88,1.03,88.21,0.5894777167385152
J96.01,Acute respiratory failure with hypoxia (HCC) (Multi HCC)( ICD-10-CM: J96.01 ),"Respiratory failure, not elsewhere classified",1_explicitly_critical_or_terminal,1120,97.0,8.66,6.74,17.14,23.21,59.02,73.39,1.27,1.04,25.49,0.5814549153975721
J96.21,Acute and chronic respiratory failure with hypoxia (HCC) (Multi HCC)( ICD-10-CM: J96.21 ),"Respiratory failure, not elsewhere classified",1_explicitly_critical_or_terminal,296,59.0,19.93,15.51,13.51,16.89,68.92,80.74,1.41,1.04,45.46,0.5661915531780336
I21.4,Non-ST elevation (NSTEMI) myocardial infarction (HCC) (Multi HCC)( ICD-10-CM: I21.4 ),Acute myocardial infarction,1_explicitly_critical_or_terminal,668,36.0,5.39,4.19,9.43,18.41,57.93,76.95,1.91,1.2,33.03,0.11985375780939717
A41.9,"Sepsis, unspecified organism (Multi HCC)( ICD-10-CM: A41.9 )",Other sepsis,1_explicitly_critical_or_terminal,2883,285.0,9.89,7.69,3.4,4.65,80.82,93.51,1.28,1.03,29.56,0.0363778670211712
A41.51,Sepsis due to Escherichia coli (e. coli) (Multi HCC)( ICD-10-CM: A41.51 ),Other sepsis,1_explicitly_critical_or_terminal,387,34.0,8.79,6.83,3.36,4.91,82.95,94.57,1.09,1.02,7.24,0.016843719179447516
A41.89,Other specified sepsis (Multi HCC)( ICD-10-CM: A41.89 ),Other sepsis,1_explicitly_critical_or_terminal,567,52.0,9.17,7.13,1.94,2.29,85.19,97.35,1.06,1.01,8.46,0.005486833335801865
