feature,importance
pre_max_los_hours,0.05890849810347308
PatientBirthYearBin_1930,0.048088902131105726
early_observed_days,0.04084639245624677
pre_avg_los_hours,0.03585097389771784
pre_num_encounters,0.03523589825627721
pre_num_unique_encounters,0.032307742798452554
pre_observed_days,0.031284280728374636
early_num_encounters,0.029942103469533052
early_num_unique_encounters,0.029111102870029455
pre_outpatient_face_to_face_visits,0.026338340225123612
early_encounters_per_day,0.026211013334992813
pre_num_diagnosis_groups,0.02446606396467595
pre_num_departments,0.021669245383466307
pre_num_distinct_diagnoses,0.02119913902844452
early_num_departments,0.021155570331495125
early_outpatient_face_to_face_visits,0.02082218008711024
pre_num_department_specialties,0.020620433176364833
PatientBirthYearBin_1935,0.01856907022881871
pre_num_attending_providers,0.017432134854269594
pre_hospital_admissions,0.016669141381014527
last_early_encounter_type_Lab Requisition,0.01596559634503765
early_num_distinct_diagnoses,0.015862514129421475
early_avg_los_hours,0.01564746721450458
pre_hospital_outpatient_visits,0.014877348633584739
pre_inpatient_admissions,0.014796085459504482
early_num_department_specialties,0.013857687014567528
early_num_diagnosis_groups,0.013464882285001175
PatientBirthYearBin_1955,0.01318989708934914
pre_type_hospital_like,0.012976239469903441
early_max_los_hours,0.012331831458356238
early_num_attending_providers,0.01176525117853572
pre_type_surgery_like,0.011330472109213065
pre_ed_visits,0.010858197416531755
pre_num_department_types,0.010549330090930663
last_early_department_specialty_Lab,0.00998056489316845
PatientBirthYearBin_1970,0.009872752755859408
first_edema_encounter_type_Lab Requisition,0.009583324733515463
PatientBirthYearBin_1960,0.009077994024250555
last_early_department_specialty_Radiology,0.009013714848420989
first_edema_department_specialty_Lab,0.0075920326810795654
PatientBirthYearBin_1925,0.007544019436034014
pre_type_emergency_like,0.0067388384953813545
early_type_hospital_like,0.006046374623986494
PatientBirthYearBin_1945,0.006006965652382591
early_num_department_types,0.005929410525812718
first_edema_department_specialty_Radiology,0.005886744802338747
SexAssignedAtBirth_*Unspecified,0.005847630303560499
early_hospital_outpatient_visits,0.005133920273061696
last_early_encounter_type_Imaging,0.005133416571971125
first_edema_department_specialty_Internal Medicine,0.004772235638241692
"last_early_diagnosis_group_Edema, not elsewhere classified",0.0043012733618662214
"first_edema_diagnosis_name_Edema, unspecified( ICD-10-CM: R60.9 )",0.004245504628579727
first_edema_encounter_type_Office Visit,0.004123154260816363
SexAssignedAtBirth_Female,0.00409552971576442
first_edema_diagnosis_name_Localized edema( ICD-10-CM: R60.0 ),0.00406036517057359
first_edema_diagnosis_value_R60.9,0.004025993631213215
last_early_encounter_type_Office Visit,0.0039490581997559514
last_early_department_specialty_Care Management,0.003928621282267516
first_edema_diagnosis_value_R60.0,0.003918249618683984
early_edema_encounters_per_day,0.003844449050285227
first_edema_department_specialty_Family Medicine,0.0037619299188355005
PatientBirthYearBin_1965,0.003730048864258435
first_edema_encounter_type_Imaging,0.003498093176995765
early_edema_encounters,0.0034680168234602774
first_edema_department_type_*Unknown,0.0033431220238284644
last_early_department_type_Normal,0.003104555400056073
last_early_department_type_*Unknown,0.0030102526021309364
last_early_diagnosis_group_infrequent_sklearn,0.002917345917215412
last_early_encounter_type_Patient Outreach,0.002687817549223675
PatientBirthYearBin_1975,0.0026556632127505138
first_edema_department_type_Normal,0.002642657398288632
PatientBirthYearBin_1940,0.002620195887564165
last_early_encounter_type_Lab Visit,0.002248635289485401
last_early_department_specialty_Cardiology,0.0022068693816549444
first_edema_encounter_type_Hospital Encounter,0.0021205269389301656
SexAssignedAtBirth_Male,0.002116913018010281
early_type_emergency_like,0.0021013922143716477
early_ed_visits,0.002068758783116848
first_edema_encounter_type_Lab Visit,0.0020566551562771814
first_edema_department_specialty_Urgent Care,0.001950535947444658
PatientBirthYearBin_1950,0.0019359186577560053
PatientBirthYearBin_1980,0.0016575810238426089
last_early_department_specialty_Internal Medicine,0.001630446379666733
last_early_encounter_type_Hospital Encounter,0.001602316324931561
last_early_department_specialty_Family Medicine,0.0015764295979190893
last_early_department_type_HOD,0.001480860563801973
last_early_encounter_type_Treatment,0.001388632626847947
first_edema_department_type_HOD,0.0013684673207230436
last_early_encounter_type_Appointment,0.0013637115035250165
first_edema_department_specialty_Primary Care,0.001290023810497338
first_edema_department_specialty_Emergency Medicine,0.0008033825701316774
early_inpatient_admissions,0.0007969460731846587
last_early_encounter_type_Initial consult,0.0007912618487656688
early_type_surgery_like,0.000764728736809537
last_early_diagnosis_group_Essential,0.0007622817052759064
early_hospital_admissions,0.0006540718628549718
PatientBirthYearBin_1990,0.0006491419550926279
pre_observation_visits,0.0006282062587549247
last_early_department_specialty_infrequent_sklearn,0.0006040997860523356
last_early_department_specialty_Urgent Care,0.0005854653672590979
last_early_department_specialty_Physical Therapy,0.0004489194453432303
last_early_department_specialty_Primary Care,0.0004374751976746893
first_edema_department_type_ED,0.0004000410901777587
last_early_encounter_type_Procedure visit,0.00039683082316405003
last_early_encounter_type_Anti-coag visit,0.00031985132941529475
first_edema_department_specialty_infrequent_sklearn,0.0003072857471937449
PatientBirthYearBin_1985,0.0002841498394062347
last_early_department_specialty_Orthopedic Surgery,0.00025069989158301646
"last_early_diagnosis_group_Other and unspecified soft tissue disorders, not elsewhere classified",0.00022037178796033337
first_edema_department_specialty_Cardiology,0.0001834701589918988
"last_early_diagnosis_group_Other joint disorder, not elsewhere classified",0.00015085997653485324
last_early_diagnosis_group_Atrial fibrillation and flutter,0.00013784842652014823
last_early_diagnosis_group_Long term,0.00013389499749255138
last_early_department_specialty_Hematology and Oncology,0.00011594330104298717
last_early_department_specialty_Emergency Medicine,0.00011103101809229736
early_observation_visits,9.092753677188667e-05
last_early_diagnosis_group_Dorsalgia,8.097914134350564e-05
last_early_diagnosis_group_Presence of other functional implants,8.04469477564547e-05
last_early_department_specialty_Neurology,6.88700450236721e-05
"last_early_diagnosis_group_Encounter for general examination without complaint, suspected or reported diagnosis",6.136733862238913e-05
last_early_department_type_ED,4.9268141388632386e-05
last_early_department_specialty_Bariatrics,3.303986046985568e-05
PatientBirthYearBin_1995,3.161978602407924e-05
last_early_department_specialty_*Unspecified,3.079218013234441e-05
last_early_encounter_type_Telemedicine,2.9276298792191068e-05
last_early_diagnosis_group_Other disorders of veins,2.579276532432138e-05
first_edema_encounter_type_Initial consult,2.18216698660438e-05
last_early_department_specialty_Infusion Therapy,0.0
first_edema_department_type_infrequent_sklearn,0.0
first_edema_encounter_type_infrequent_sklearn,0.0
first_edema_encounter_type_Telemedicine,0.0
last_early_diagnosis_group_Other and unspecified metabolic disorders,0.0
last_early_encounter_type_Follow-Up,0.0
PatientBirthYearBin_2000,0.0
last_early_department_specialty_Rheumatology,0.0
PatientBirthYearBin_infrequent_sklearn,0.0
last_early_department_specialty_Wound Care,0.0
last_early_department_specialty_Pulmonology,0.0
last_early_encounter_type_infrequent_sklearn,0.0
last_early_department_specialty_Gastroenterology,0.0
last_early_department_specialty_Endocrinology,0.0
"last_early_diagnosis_group_Non-pressure chronic ulcer of lower limb, not elsewhere classified",0.0
last_early_department_specialty_Dermatology,0.0
last_early_diagnosis_group_Abnormalities of breathing,0.0
last_early_diagnosis_group_Chronic ischemic heart disease,0.0
last_early_department_type_infrequent_sklearn,0.0
last_early_diagnosis_group_Chronic kidney disease,0.0
last_early_diagnosis_group_Disorders of lipoprotein metabolism and other lipidemias,0.0
last_early_diagnosis_group_Encounter for screening for malignant neoplasms,0.0
last_early_diagnosis_group_Type 2 diabetes mellitus,0.0
last_early_diagnosis_group_Sleep disorders,0.0
last_early_diagnosis_group_Heart failure,0.0
SexAssignedAtBirth_infrequent_sklearn,0.0
