model,risk_group,patients_flagged,actual_high_risk_in_flagged,precision_high_risk_rate_pct,recall_pct_of_all_high_risk_captured,baseline_high_risk_rate_pct,lift_vs_baseline,min_predicted_risk_in_group,max_predicted_risk_in_group
logistic_regression,top_1pct,10,1,10.0,1.33,6.99,1.43,0.962,0.9947
logistic_regression,top_3pct,32,9,28.12,12.0,6.99,4.02,0.8778,0.9947
logistic_regression,top_5pct,53,16,30.19,21.33,6.99,4.32,0.8196,0.9947
logistic_regression,top_10pct,107,23,21.5,30.67,6.99,3.08,0.7084,0.9947
logistic_regression,top_15pct,160,34,21.25,45.33,6.99,3.04,0.6602,0.9947
logistic_regression,top_20pct,214,37,17.29,49.33,6.99,2.47,0.6102,0.9947
logistic_regression,top_30pct,321,42,13.08,56.0,6.99,1.87,0.5208,0.9947
random_forest,top_1pct,10,2,20.0,2.67,6.99,2.86,0.6962,0.7363
random_forest,top_3pct,32,8,25.0,10.67,6.99,3.58,0.5957,0.7363
random_forest,top_5pct,53,13,24.53,17.33,6.99,3.51,0.558,0.7363
random_forest,top_10pct,107,22,20.56,29.33,6.99,2.94,0.5084,0.7363
random_forest,top_15pct,160,33,20.62,44.0,6.99,2.95,0.4752,0.7363
random_forest,top_20pct,214,37,17.29,49.33,6.99,2.47,0.4484,0.7363
random_forest,top_30pct,321,46,14.33,61.33,6.99,2.05,0.4121,0.7363
extra_trees,top_1pct,10,2,20.0,2.67,6.99,2.86,0.7154,0.771
extra_trees,top_3pct,32,9,28.12,12.0,6.99,4.02,0.6508,0.771
extra_trees,top_5pct,53,14,26.42,18.67,6.99,3.78,0.6204,0.771
extra_trees,top_10pct,107,23,21.5,30.67,6.99,3.08,0.5635,0.771
extra_trees,top_15pct,160,27,16.88,36.0,6.99,2.41,0.5377,0.771
extra_trees,top_20pct,214,34,15.89,45.33,6.99,2.27,0.5119,0.771
extra_trees,top_30pct,321,42,13.08,56.0,6.99,1.87,0.4844,0.771
gradient_boosting,top_1pct,10,5,50.0,6.67,6.99,7.15,0.8352,0.9076
gradient_boosting,top_3pct,32,11,34.38,14.67,6.99,4.92,0.7263,0.9076
gradient_boosting,top_5pct,53,15,28.3,20.0,6.99,4.05,0.6869,0.9076
gradient_boosting,top_10pct,107,23,21.5,30.67,6.99,3.08,0.5903,0.9076
gradient_boosting,top_15pct,160,31,19.38,41.33,6.99,2.77,0.5457,0.9076
gradient_boosting,top_20pct,214,35,16.36,46.67,6.99,2.34,0.5016,0.9076
gradient_boosting,top_30pct,321,45,14.02,60.0,6.99,2.01,0.4429,0.9076
hist_gradient_boosting,top_1pct,10,2,20.0,2.67,6.99,2.86,0.7931,0.971
hist_gradient_boosting,top_3pct,32,7,21.88,9.33,6.99,3.13,0.6009,0.971
hist_gradient_boosting,top_5pct,53,10,18.87,13.33,6.99,2.7,0.5293,0.971
hist_gradient_boosting,top_10pct,107,19,17.76,25.33,6.99,2.54,0.409,0.971
hist_gradient_boosting,top_15pct,160,26,16.25,34.67,6.99,2.32,0.3208,0.971
hist_gradient_boosting,top_20pct,214,30,14.02,40.0,6.99,2.01,0.2446,0.971
hist_gradient_boosting,top_30pct,321,43,13.4,57.33,6.99,1.92,0.1723,0.971
