model,feature,importance,coefficient
logistic_regression,pre_num_diagnosis_groups,2.482240928295704,2.482240928295704
logistic_regression,pre_num_distinct_diagnoses,2.321047605765813,-2.321047605765813
logistic_regression,last_early_department_specialty_Orthopedic Surgery,1.8911354212268958,-1.8911354212268958
logistic_regression,last_early_department_specialty_Rheumatology,1.7860892566134394,-1.7860892566134394
logistic_regression,last_early_encounter_type_Treatment,1.6005621448154579,-1.6005621448154579
logistic_regression,last_early_encounter_type_Lab Requisition,1.5831147303399973,1.5831147303399973
logistic_regression,last_early_diagnosis_group_Encounter for screening for malignant neoplasms,1.5016292836387666,-1.5016292836387666
logistic_regression,last_early_diagnosis_group_Presence of other functional implants,1.1442428444926858,-1.1442428444926858
logistic_regression,"last_early_diagnosis_group_Other joint disorder, not elsewhere classified",1.0893971840511651,1.0893971840511651
logistic_regression,last_early_diagnosis_group_Chronic kidney disease,1.0527578006308134,1.0527578006308134
logistic_regression,last_early_department_specialty_Neurology,1.0301279153597398,1.0301279153597398
logistic_regression,first_edema_encounter_type_Telemedicine,0.8472581662613037,0.8472581662613037
logistic_regression,"last_early_diagnosis_group_Other and unspecified soft tissue disorders, not elsewhere classified",0.8217375841811105,0.8217375841811105
logistic_regression,last_early_encounter_type_Follow-Up,0.8178325842273242,-0.8178325842273242
logistic_regression,last_early_department_specialty_Internal Medicine,0.8064360822373755,0.8064360822373755
logistic_regression,last_early_diagnosis_group_Atrial fibrillation and flutter,0.8006528363379946,0.8006528363379946
logistic_regression,last_early_department_specialty_Bariatrics,0.7747330490930638,-0.7747330490930638
logistic_regression,last_early_encounter_type_infrequent_sklearn,0.7690459215640035,0.7690459215640035
logistic_regression,last_early_encounter_type_Anti-coag visit,0.7516891496266888,-0.7516891496266888
logistic_regression,last_early_department_specialty_Endocrinology,0.744647058294392,0.744647058294392
logistic_regression,last_early_diagnosis_group_Other and unspecified metabolic disorders,0.7384096612698324,0.7384096612698324
logistic_regression,last_early_department_specialty_Care Management,0.7289692840565986,0.7289692840565986
logistic_regression,last_early_encounter_type_Appointment,0.7045493278715956,0.7045493278715956
logistic_regression,last_early_department_specialty_*Unspecified,0.696288396578435,-0.696288396578435
logistic_regression,last_early_encounter_type_Procedure visit,0.6853314364617386,0.6853314364617386
logistic_regression,"last_early_diagnosis_group_Encounter for general examination without complaint, suspected or reported diagnosis",0.6640581754253075,-0.6640581754253075
logistic_regression,last_early_diagnosis_group_Dorsalgia,0.6638938043248803,-0.6638938043248803
logistic_regression,last_early_department_specialty_Gastroenterology,0.6591344081069274,-0.6591344081069274
logistic_regression,last_early_department_specialty_Hematology and Oncology,0.6491761227071416,0.6491761227071416
logistic_regression,first_edema_department_specialty_Internal Medicine,0.6458531998681638,0.6458531998681638
logistic_regression,last_early_diagnosis_group_Other disorders of veins,0.6434732685615704,-0.6434732685615704
logistic_regression,last_early_department_type_infrequent_sklearn,0.5715157659469967,0.5715157659469967
logistic_regression,first_edema_department_type_infrequent_sklearn,0.5651705602962641,-0.5651705602962641
logistic_regression,pre_ed_visits,0.5528855423440376,-0.5528855423440376
logistic_regression,last_early_encounter_type_Telemedicine,0.5434358452938407,-0.5434358452938407
logistic_regression,last_early_encounter_type_Lab Visit,0.5100802030129542,0.5100802030129542
logistic_regression,early_num_departments,0.4905631348443967,0.4905631348443967
logistic_regression,last_early_department_specialty_Physical Therapy,0.4827606281703551,0.4827606281703551
logistic_regression,last_early_department_specialty_Primary Care,0.4821271772736945,0.4821271772736945
logistic_regression,pre_hospital_admissions,0.48190159812957983,0.48190159812957983
logistic_regression,pre_avg_los_hours,0.48119931969823904,-0.48119931969823904
logistic_regression,pre_max_los_hours,0.4748847653690526,0.4748847653690526
logistic_regression,first_edema_encounter_type_Initial consult,0.4393169410500944,-0.4393169410500944
logistic_regression,early_num_department_specialties,0.4390596101944526,-0.4390596101944526
logistic_regression,pre_num_departments,0.4375153241393025,-0.4375153241393025
logistic_regression,pre_num_attending_providers,0.42619666552390073,0.42619666552390073
logistic_regression,last_early_diagnosis_group_Chronic ischemic heart disease,0.40797390207198647,-0.40797390207198647
logistic_regression,last_early_diagnosis_group_Type 2 diabetes mellitus,0.38684251044889706,-0.38684251044889706
logistic_regression,last_early_encounter_type_Office Visit,0.36343658047654276,-0.36343658047654276
logistic_regression,first_edema_department_specialty_Urgent Care,0.3602717926808686,-0.3602717926808686
logistic_regression,last_early_diagnosis_group_Abnormalities of breathing,0.35653876307224014,0.35653876307224014
logistic_regression,last_early_department_specialty_Pulmonology,0.35584332236219207,0.35584332236219207
logistic_regression,pre_type_surgery_like,0.3543252051939231,-0.3543252051939231
logistic_regression,last_early_department_type_Normal,0.35139827245086863,-0.35139827245086863
logistic_regression,early_outpatient_face_to_face_visits,0.3420097690648599,0.3420097690648599
logistic_regression,last_early_diagnosis_group_Essential,0.323987742818338,0.323987742818338
logistic_regression,first_edema_department_specialty_Radiology,0.3138166262294603,-0.3138166262294603
logistic_regression,early_hospital_outpatient_visits,0.30596571388758415,-0.30596571388758415
logistic_regression,early_observed_days,0.28831643240204974,0.28831643240204974
logistic_regression,first_edema_department_type_HOD,0.28681797598455033,0.28681797598455033
logistic_regression,last_early_department_specialty_Dermatology,0.2848253976886818,0.2848253976886818
logistic_regression,pre_observed_days,0.274343184103493,-0.274343184103493
logistic_regression,early_type_hospital_like,0.24984919392742985,0.24984919392742985
logistic_regression,last_early_encounter_type_Hospital Encounter,0.2323948684689919,0.2323948684689919
logistic_regression,first_edema_encounter_type_Lab Requisition,0.23145711186411594,-0.23145711186411594
logistic_regression,last_early_encounter_type_Imaging,0.22628434198511263,-0.22628434198511263
logistic_regression,last_early_department_specialty_infrequent_sklearn,0.22321584154254165,0.22321584154254165
logistic_regression,first_edema_encounter_type_Hospital Encounter,0.22090317356131925,-0.22090317356131925
logistic_regression,last_early_department_specialty_Wound Care,0.2198051383199108,0.2198051383199108
logistic_regression,pre_num_department_specialties,0.21504595895058548,-0.21504595895058548
logistic_regression,last_early_department_specialty_Radiology,0.21408041530654953,-0.21408041530654953
logistic_regression,early_type_emergency_like,0.21358284062099595,-0.21358284062099595
logistic_regression,last_early_department_specialty_Family Medicine,0.2120367536119178,0.2120367536119178
logistic_regression,first_edema_department_type_Normal,0.19996477926534056,0.19996477926534056
logistic_regression,pre_type_hospital_like,0.1941121907640711,-0.1941121907640711
logistic_regression,pre_type_emergency_like,0.19362572462496058,0.19362572462496058
logistic_regression,first_edema_encounter_type_Office Visit,0.19243736802652323,-0.19243736802652323
logistic_regression,first_edema_encounter_type_Lab Visit,0.19141968805028678,0.19141968805028678
logistic_regression,last_early_department_specialty_Lab,0.17666456635676286,-0.17666456635676286
logistic_regression,early_observation_visits,0.17659858478633864,-0.17659858478633864
logistic_regression,first_edema_department_type_ED,0.17591119933604366,0.17591119933604366
logistic_regression,first_edema_department_specialty_Emergency Medicine,0.17591119933604366,0.17591119933604366
logistic_regression,first_edema_department_type_*Unknown,0.16758875467402068,-0.16758875467402068
logistic_regression,last_early_department_type_HOD,0.16200117604059594,-0.16200117604059594
logistic_regression,pre_inpatient_admissions,0.15120025217616936,0.15120025217616936
logistic_regression,first_edema_diagnosis_value_R60.0,0.1434769158857282,-0.1434769158857282
logistic_regression,first_edema_diagnosis_name_Localized edema( ICD-10-CM: R60.0 ),0.1434769158857282,-0.1434769158857282
logistic_regression,early_num_distinct_diagnoses,0.14344791510717778,0.14344791510717778
logistic_regression,pre_num_unique_encounters,0.14315013919462677,0.14315013919462677
logistic_regression,pre_num_encounters,0.14315013919462677,0.14315013919462677
logistic_regression,last_early_encounter_type_Patient Outreach,0.13796761104582342,-0.13796761104582342
logistic_regression,early_num_diagnosis_groups,0.12930207897271853,-0.12930207897271853
logistic_regression,first_edema_department_specialty_Primary Care,0.11579514782200771,-0.11579514782200771
logistic_regression,last_early_encounter_type_Initial consult,0.11337359063282941,-0.11337359063282941
logistic_regression,early_ed_visits,0.11211593229767472,-0.11211593229767472
logistic_regression,last_early_department_specialty_Emergency Medicine,0.10285448187582769,-0.10285448187582769
logistic_regression,last_early_department_type_ED,0.10285448187582769,-0.10285448187582769
logistic_regression,first_edema_department_specialty_Family Medicine,0.10258344090127122,0.10258344090127122
logistic_regression,early_max_los_hours,0.0993025562338879,-0.0993025562338879
logistic_regression,first_edema_encounter_type_infrequent_sklearn,0.0910424836935909,-0.0910424836935909
logistic_regression,first_edema_department_specialty_Cardiology,0.09004918076194068,-0.09004918076194068
logistic_regression,pre_observation_visits,0.08247059063367139,-0.08247059063367139
logistic_regression,last_early_diagnosis_group_Sleep disorders,0.08166180979876009,0.08166180979876009
logistic_regression,last_early_department_specialty_Urgent Care,0.07684701599714285,0.07684701599714285
logistic_regression,first_edema_department_specialty_infrequent_sklearn,0.07444302918172055,-0.07444302918172055
logistic_regression,"last_early_diagnosis_group_Non-pressure chronic ulcer of lower limb, not elsewhere classified",0.07366920504459668,0.07366920504459668
logistic_regression,"first_edema_diagnosis_name_Edema, unspecified( ICD-10-CM: R60.9 )",0.07341155550138163,0.07341155550138163
logistic_regression,first_edema_diagnosis_value_R60.9,0.07341155550138163,0.07341155550138163
logistic_regression,first_edema_encounter_type_Imaging,0.0664138634997086,0.0664138634997086
logistic_regression,early_avg_los_hours,0.06630472500740281,-0.06630472500740281
logistic_regression,pre_outpatient_face_to_face_visits,0.06230668669432916,0.06230668669432916
logistic_regression,last_early_diagnosis_group_Long term,0.055684512680034166,-0.055684512680034166
logistic_regression,early_hospital_admissions,0.053055316513629845,-0.053055316513629845
logistic_regression,early_num_attending_providers,0.05199033849926191,-0.05199033849926191
logistic_regression,last_early_department_specialty_Infusion Therapy,0.05192047863212552,-0.05192047863212552
logistic_regression,last_early_diagnosis_group_infrequent_sklearn,0.04957735839343774,0.04957735839343774
logistic_regression,last_early_diagnosis_group_Heart failure,0.04936544760712194,-0.04936544760712194
logistic_regression,"last_early_diagnosis_group_Edema, not elsewhere classified",0.046160974183358176,0.046160974183358176
logistic_regression,early_type_surgery_like,0.04602286195111723,-0.04602286195111723
logistic_regression,first_edema_department_specialty_Lab,0.04003742381383212,-0.04003742381383212
logistic_regression,last_early_department_type_*Unknown,0.025327195964048192,-0.025327195964048192
logistic_regression,early_edema_encounters_per_day,0.01883836840747037,-0.01883836840747037
logistic_regression,early_edema_encounters,0.018838368407464504,-0.018838368407464504
logistic_regression,last_early_department_specialty_Cardiology,0.01398262421599978,-0.01398262421599978
logistic_regression,last_early_diagnosis_group_Disorders of lipoprotein metabolism and other lipidemias,0.012547469085244959,0.012547469085244959
logistic_regression,early_inpatient_admissions,0.008574248655904875,0.008574248655904875
logistic_regression,pre_num_department_types,0.008551091134595458,-0.008551091134595458
logistic_regression,pre_hospital_outpatient_visits,0.005196374966451881,-0.005196374966451881
logistic_regression,early_num_department_types,0.001905746233573147,-0.001905746233573147
logistic_regression,early_encounters_per_day,0.0004653627182621902,0.0004653627182621902
logistic_regression,early_num_encounters,0.00046536271825371316,0.00046536271825371316
logistic_regression,early_num_unique_encounters,0.00046536271825371316,0.00046536271825371316
