model,feature,importance
extra_trees,last_early_encounter_type_Lab Requisition,0.0531813377762091
extra_trees,early_observed_days,0.050868956971596296
extra_trees,pre_max_los_hours,0.03371906004749285
extra_trees,last_early_department_specialty_Lab,0.030822147586070794
extra_trees,last_early_department_specialty_Radiology,0.027792588252082247
extra_trees,first_edema_encounter_type_Lab Requisition,0.02737992561400839
extra_trees,last_early_department_specialty_Care Management,0.023657280849129034
extra_trees,early_num_encounters,0.02254761992930688
extra_trees,pre_hospital_admissions,0.020827167769054508
extra_trees,early_encounters_per_day,0.020652862079429388
extra_trees,pre_inpatient_admissions,0.020550590505474996
extra_trees,early_num_unique_encounters,0.020057510303401357
extra_trees,first_edema_department_specialty_Lab,0.019471003260245808
extra_trees,first_edema_department_specialty_Internal Medicine,0.019017633831135024
extra_trees,first_edema_department_specialty_Radiology,0.018503930198290646
extra_trees,early_num_departments,0.01834777454391637
extra_trees,last_early_encounter_type_Imaging,0.01817315858376322
extra_trees,early_num_distinct_diagnoses,0.016922939890503978
extra_trees,pre_num_unique_encounters,0.016502961206280645
extra_trees,early_outpatient_face_to_face_visits,0.01611433963012163
extra_trees,last_early_department_type_Normal,0.015617823857937956
extra_trees,last_early_encounter_type_Patient Outreach,0.015377096504022511
extra_trees,pre_outpatient_face_to_face_visits,0.014999480500426312
extra_trees,pre_num_encounters,0.01452711043865365
extra_trees,early_num_diagnosis_groups,0.014519270394879888
extra_trees,"last_early_diagnosis_group_Edema, not elsewhere classified",0.01425038909776359
extra_trees,pre_num_attending_providers,0.0139077731285791
extra_trees,last_early_diagnosis_group_infrequent_sklearn,0.0129693468282092
extra_trees,pre_num_diagnosis_groups,0.012935707910056004
extra_trees,early_num_department_specialties,0.012921538664556226
extra_trees,pre_num_department_specialties,0.012413532628679558
extra_trees,early_num_attending_providers,0.011625912282276461
extra_trees,last_early_encounter_type_Treatment,0.011609098712971673
extra_trees,pre_observed_days,0.011307509939960589
extra_trees,pre_num_department_types,0.010985308205136164
extra_trees,pre_num_departments,0.010822688348573074
extra_trees,last_early_encounter_type_Office Visit,0.010675360600130739
extra_trees,first_edema_diagnosis_value_R60.9,0.010194925832907443
extra_trees,pre_num_distinct_diagnoses,0.010082187071593455
extra_trees,last_early_department_specialty_Internal Medicine,0.010029222227210895
extra_trees,first_edema_encounter_type_Imaging,0.009656340120681861
extra_trees,first_edema_diagnosis_value_R60.0,0.00900209323525191
extra_trees,last_early_department_specialty_Cardiology,0.008937468680852937
extra_trees,last_early_department_specialty_Orthopedic Surgery,0.00872987111053622
extra_trees,"first_edema_diagnosis_name_Edema, unspecified( ICD-10-CM: R60.9 )",0.008561131489556223
extra_trees,first_edema_department_specialty_Family Medicine,0.008466579076610348
extra_trees,early_num_department_types,0.008411657281002308
extra_trees,first_edema_encounter_type_Office Visit,0.008292717403941574
extra_trees,last_early_department_type_*Unknown,0.00810276291565808
extra_trees,first_edema_department_type_*Unknown,0.007631702708707533
extra_trees,first_edema_department_type_Normal,0.0072919688655228975
extra_trees,first_edema_diagnosis_name_Localized edema( ICD-10-CM: R60.0 ),0.007096206202461773
extra_trees,pre_type_surgery_like,0.006819188973203841
extra_trees,last_early_encounter_type_Lab Visit,0.006798554919990799
extra_trees,pre_avg_los_hours,0.006404643096172565
extra_trees,first_edema_department_specialty_Urgent Care,0.006188294483254951
extra_trees,last_early_department_specialty_Urgent Care,0.005263093575878228
extra_trees,first_edema_encounter_type_Hospital Encounter,0.005009722965063392
extra_trees,first_edema_encounter_type_Lab Visit,0.004797718200184313
extra_trees,last_early_encounter_type_Appointment,0.004691355770712309
extra_trees,last_early_encounter_type_Hospital Encounter,0.004670278797168363
extra_trees,first_edema_department_type_HOD,0.004455894698540554
extra_trees,last_early_department_type_HOD,0.004368430332935748
extra_trees,pre_ed_visits,0.004317574870597255
extra_trees,last_early_diagnosis_group_Presence of other functional implants,0.0040354769682742495
extra_trees,early_ed_visits,0.003244685278537695
extra_trees,early_type_hospital_like,0.0031802039894594314
extra_trees,early_inpatient_admissions,0.0031083360232153317
extra_trees,first_edema_department_specialty_Primary Care,0.0028415983117640454
extra_trees,last_early_diagnosis_group_Dorsalgia,0.0028188751886411216
extra_trees,early_max_los_hours,0.0027879692197231836
extra_trees,last_early_department_specialty_infrequent_sklearn,0.00278195543654458
extra_trees,pre_type_hospital_like,0.00266864108351192
extra_trees,pre_type_emergency_like,0.0025737812743730905
extra_trees,early_hospital_admissions,0.0024922687096010513
extra_trees,pre_hospital_outpatient_visits,0.0024660450451315648
extra_trees,early_type_emergency_like,0.002445284490960183
extra_trees,last_early_diagnosis_group_Essential,0.002416393008239256
extra_trees,last_early_diagnosis_group_Encounter for screening for malignant neoplasms,0.002409683720734674
extra_trees,last_early_department_specialty_Family Medicine,0.0023626421282637424
extra_trees,early_edema_encounters_per_day,0.0023136115183604034
extra_trees,first_edema_department_specialty_Cardiology,0.0022923672176952273
extra_trees,first_edema_department_specialty_Emergency Medicine,0.0022867081974931357
extra_trees,early_avg_los_hours,0.002286266866024757
extra_trees,early_edema_encounters,0.002268439775904926
extra_trees,last_early_department_specialty_Physical Therapy,0.0022390918403359253
extra_trees,last_early_diagnosis_group_Chronic kidney disease,0.0020809962327096405
extra_trees,early_hospital_outpatient_visits,0.002001370391632711
extra_trees,first_edema_department_type_ED,0.001986518171970403
extra_trees,last_early_encounter_type_Telemedicine,0.0018728180780785602
extra_trees,first_edema_encounter_type_Telemedicine,0.0017693681582682558
extra_trees,last_early_encounter_type_Initial consult,0.0017262366636669987
extra_trees,last_early_department_specialty_Primary Care,0.0017074107176813643
extra_trees,last_early_department_specialty_Hematology and Oncology,0.00157553527333661
extra_trees,early_type_surgery_like,0.0014990609227112305
extra_trees,last_early_diagnosis_group_Other disorders of veins,0.0014580506114529705
extra_trees,first_edema_department_specialty_infrequent_sklearn,0.001309698648771796
extra_trees,last_early_encounter_type_Anti-coag visit,0.0012662372182570064
extra_trees,"last_early_diagnosis_group_Other joint disorder, not elsewhere classified",0.00124008015105571
extra_trees,"last_early_diagnosis_group_Encounter for general examination without complaint, suspected or reported diagnosis",0.001154545492300165
extra_trees,last_early_department_specialty_Bariatrics,0.0010996256971425743
extra_trees,last_early_encounter_type_Follow-Up,0.0007832396011902622
extra_trees,pre_observation_visits,0.0007682994075723329
extra_trees,last_early_encounter_type_Procedure visit,0.0007334025417774889
extra_trees,first_edema_encounter_type_Initial consult,0.0007048401392590254
extra_trees,last_early_department_specialty_Rheumatology,0.0006867955929203263
extra_trees,"last_early_diagnosis_group_Other and unspecified soft tissue disorders, not elsewhere classified",0.0005273461640344918
extra_trees,last_early_diagnosis_group_Type 2 diabetes mellitus,0.00047973011445409376
extra_trees,early_observation_visits,0.00039250318806222377
extra_trees,last_early_department_type_ED,0.00032459435902057167
extra_trees,last_early_department_specialty_Gastroenterology,0.00027910706476182357
extra_trees,last_early_department_specialty_Emergency Medicine,0.0002636190702475561
extra_trees,last_early_diagnosis_group_Atrial fibrillation and flutter,0.000253448589996347
extra_trees,last_early_department_specialty_Neurology,0.0001315753686158068
extra_trees,last_early_department_specialty_Pulmonology,0.00011683739456335748
extra_trees,last_early_diagnosis_group_Long term,8.989160120441505e-05
extra_trees,last_early_department_specialty_*Unspecified,8.730976889218194e-05
extra_trees,last_early_encounter_type_infrequent_sklearn,7.36428350985045e-05
extra_trees,last_early_department_specialty_Endocrinology,7.283023535823004e-05
extra_trees,last_early_diagnosis_group_Abnormalities of breathing,6.618250837654684e-05
extra_trees,last_early_department_specialty_Wound Care,6.161770121516696e-05
extra_trees,last_early_department_specialty_Infusion Therapy,4.975893260150552e-05
extra_trees,last_early_diagnosis_group_Heart failure,4.973232722049028e-05
extra_trees,last_early_diagnosis_group_Sleep disorders,4.882538749915034e-05
extra_trees,last_early_department_specialty_Dermatology,3.516978945805513e-05
extra_trees,last_early_diagnosis_group_Other and unspecified metabolic disorders,4.500818250809804e-06
extra_trees,first_edema_department_type_infrequent_sklearn,0.0
extra_trees,first_edema_encounter_type_infrequent_sklearn,0.0
extra_trees,last_early_diagnosis_group_Disorders of lipoprotein metabolism and other lipidemias,0.0
extra_trees,last_early_diagnosis_group_Chronic ischemic heart disease,0.0
extra_trees,"last_early_diagnosis_group_Non-pressure chronic ulcer of lower limb, not elsewhere classified",0.0
extra_trees,last_early_department_type_infrequent_sklearn,0.0
